 , , , 
 , , , 
 , , , 
 , , , 
 , , , 
 , , , 
 , , , 
 , , , 
 , , , 
 , , , 
 , , , 
 , , , 
 , , , 
 , , , 
 , , , 
 , , , 
 , , , 
 , , , 
 , , , 
 , , , 
 , , , 
 , , , 
 , , , 
 , , , 
 , , , 
 , , , 
 , , , 
 , , , 
 , , , 
 , , , 
 , , , 
 , , , 
 , , , 
 , , , 
 , , , 
 , , , 
 , , , 
 , , , 
 , , , 
 , , , 
 , , , 
 , , , 
 , , , 
 , , , 
 , , , 
 , , , 
 , , , 
 , , , 
 , , , 
 , , , 
 , , , 
 , , , 
 , , , 
 , , , 
 , , , 
 , , , 
 , , , 
 , , , 
 , , , 
 , , , 
 , , , 
 , , , 
 , , , 
 , , , 
 , , , 
 , , , 
 , , , 
 , , , 
 , , , 
 , , , 
 , , , 
 , , , 
 , , , 
 , , , 
 , , , 
 , , , 
 , , , 
 , , , 
 , , , 
 , , , 
 , , , 
 , , , 
 , , , 
 , , , 
 , , , 
 , , , 
 , , , 
 , , , 
 , , , 
 , , , 
 , , , 
 , , , 
 , , , 
 , , , 
 , , , 
 , , , 
 , , , 
 , , , 
 , , , 
 , , , 
 , , , 
 , , , 
 , , , 
 , , , 
 , , , 
 , , , 
 , , , 
 , , , 
 , , , 
 , , , 
 , , , 
 , , , 
 , , , 
 , , , 
 , , , 
 , , , 
OMV,12313,omv,false
 , , , 
 , , , 
 , , , 
 , , , 
 , , , 
 , , , 
 , , , 
 , , , 
 , , , 
 , , , 
 , , , 
 , , , 
 , , , 
 , , , 
 , , , 
 , , , 
 , , , 
 , , , 
 , , , 
 , , , 
 , , , 
 , , , 
 , , , 
 , , , 
 , , , 
 , , , 
 , , , 
 , , , 
 , , , 
 , , , 
 , , , 
 , , , 
 , , , 
 , , , 
 , , , 
 , , , 
 , , , 
 , , , 
 , , , 
 , , , 
 , , , 
 , , , 
 , , , 
 , , , 
 , , , 
 , , , 
 , , , 
 , , , 
 , , , 
 , , , 
 , , , 
 , , , 
 , , , 
 , , , 
 , , , 
 , , , 
 , , , 
 , , , 
 , , , 
 , , , 
 , , , 
 , , , 
 , , , 
 , , , 
 , , , 
 , , , 
 , , , 
 , , , 
 , , , 
 , , , 
 , , , 
 , , , 
 , , , 
 , , , 
 , , , 
 , , , 
 , , , 
 , , , 
 , , , 
 , , , 
 , , , 
 , , , 
 , , , 
 , , , 
 , , , 
 , , , 
 , , , 
 , , , 
 , , , 
 , , , 
 , , , 
 , , , 
 , , , 
 , , , 
 , , , 
 , , , 
 , , , 
 , , , 
 , , , 
 , , , 
 , , , 
 , , , 
 , , , 
 , , , 
 , , , 
 , , , 
 , , , 
 , , , 
 , , , 
 , , , 
 , , , 
 , , , 
 , , , 
 , , , 
 , , , 
 , , , 
 , , , 
 , , , 
 , , , 
 , , , 
 , , , 
 , , , 
 , , , 
 , , , 
 , , , 
 , , , 
 , , , 
 , , , 
 , , , 
 , , , 
 , , , 
 , , , 
 , , , 
 , , , 
 , , , 
 , , , 
 , , , 
 , , , 
 , , , 
 , , , 
 , , , 
 , , , 
 , , , 
 , , , 
 , , , 
 , , , 
 , , , 
 , , , 
 , , , 
 , , , 
 , , , 
 , , , 
 , , , 
 , , , 
 , , , 
 , , , 
 , , , 
 , , , 
 , , , 
 , , , 
 , , , 
 , , , 
 , , , 
 , , , 
 , , , 
 , , , 
 , , , 
 , , , 
 , , , 
 , , , 
 , , , 
 , , , 
 , , , 
 , , , 
 , , , 
 , , , 
 , , , 
 , , , 
 , , , 
 , , , 
 , , , 
 , , , 
 , , , 
 , , , 
 , , , 
 , , , 
 , , , 
 , , , 
 , , , 
 , , , 
 , , , 
 , , , 
 , , , 
 , , , 
 , , , 
 , , , 
 , , , 
 , , , 
 , , , 
 , , , 
 , , , 
 , , , 
 , , , 
 , , , 
 , , , 
 , , , 
 , , , 
 , , , 
 , , , 
 , , , 
 , , , 
 , , , 
 , , , 
 , , , 
 , , , 
 , , , 
 , , , 
 , , , 
 , , , 
 , , , 
 , , , 
 , , , 
 , , , 
 , , , 
 , , , 
 , , , 
 , , , 
 , , , 
 , , , 
 , , , 
 , , , 
 , , , 
 , , , 
Microsoft,123123,msft,true
 , , , 
 , , , 
 , , , 
 , , , 
 , , , 
 , , , 
 , , , 
 , , , 
 , , , 
 , , , 
 , , , 
 , , , 
 , , , 
 , , , 
 , , , 
 , , , 
 , , , 
 , , , 
 , , , 
 , , , 
 , , , 
 , , , 
 , , , 
 , , , 
 , , , 
 , , , 
 , , , 
 , , , 
 , , , 
 , , , 
 , , , 
 , , , 
 , , , 
 , , , 
 , , , 
 , , , 
 , , , 
 , , , 
 , , , 
 , , , 
 , , , 
 , , , 
 , , , 
 , , , 
 , , , 
 , , , 
 , , , 
 , , , 
 , , , 
 , , , 
 , , , 
 , , , 
 , , , 
 , , , 
 , , , 
 , , , 
 , , , 
 , , , 
 , , , 
 , , , 
 , , , 
 , , , 
 , , , 
 , , , 
 , , , 
 , , , 
 , , , 
 , , , 
 , , , 
 , , , 
 , , , 
 , , , 
 , , , 
 , , , 
 , , , 
 , , , 
 , , , 
 , , , 
 , , , 
 , , , 
 , , , 
 , , , 
 , , , 
 , , , 
 , , , 
 , , , 
 , , , 
 , , , 
 , , , 
 , , , 
 , , , 
 , , , 
 , , , 
 , , , 
 , , , 
 , , , 
 , , , 
 , , , 
 , , , 
 , , , 
 , , , 
 , , , 
 , , , 
 , , , 
 , , , 
 , , , 
 , , , 
 , , , 
 , , , 
 , , , 
 , , , 
 , , , 
 , , , 
 , , , 
 , , , 
 , , , 
 , , , 
 , , , 
 , , , 
 , , , 
 , , , 
 , , , 
 , , , 
 , , , 
 , , , 
 , , , 
 , , , 
 , , , 
 , , , 
 , , , 
 , , , 
 , , , 
 , , , 
 , , , 
 , , , 
 , , , 
 , , , 
 , , , 
 , , , 
 , , , 
 , , , 
 , , , 
 , , , 
 , , , 
 , , , 
 , , , 
 , , , 
 , , , 
 , , , 
 , , , 
 , , , 
 , , , 
 , , , 
 , , , 
 , , , 
 , , , 
 , , , 
 , , , 
 , , , 
 , , , 
 , , , 
 , , , 
 , , , 
 , , , 
 , , , 
 , , , 
 , , , 
 , , , 
 , , , 
 , , , 
 , , , 
 , , , 
 , , , 
 , , , 
 , , , 
 , , , 
 , , , 
 , , , 
 , , , 
 , , , 
 , , , 
 , , , 
 , , , 
 , , , 
 , , , 
 , , , 
 , , , 
 , , , 
 , , , 
 , , , 
 , , , 
 , , , 
 , , , 
 , , , 
 , , , 
 , , , 
 , , , 
 , , , 
 , , , 
 , , , 
 , , , 
 , , , 
 , , , 
 , , , 
 , , , 
 , , , 
 , , , 
 , , , 
 , , , 
 , , , 
 , , , 
 , , , 
 , , , 
 , , , 
 , , , 
 , , , 
 , , , 
 , , , 
 , , , 
 , , , 
 , , , 
 , , , 
 , , , 
 , , , 
 , , , 
 , , , 
 , , , 
 , , , 
 , , , 
 , , , 
 , , , 
 , , , 
 , , , 
 , , , 
 , , , 
 , , , 
 , , , 
 , , , 
 , , , 
 , , , 
 , , , 
 , , , 
 , , , 
Tesla,1213,tes,false
 , , , 
 , , , 
 , , , 
 , , , 
 , , , 
 , , , 
 , , , 
 , , , 
 , , , 
 , , , 
 , , , 
 , , , 
 , , , 
 , , , 
 , , , 
 , , , 
 , , , 
 , , , 
 , , , 
 , , , 
 , , , 
 , , , 
 , , , 
 , , , 
 , , , 
 , , , 
 , , , 
 , , , 
 , , , 
 , , , 
 , , , 
 , , , 
 , , , 
 , , , 
 , , , 
 , , , 
 , , , 
 , , , 
 , , , 
 , , , 
 , , , 
 , , , 
 , , , 
 , , , 
 , , , 
 , , , 
 , , , 
 , , , 
 , , , 
 , , , 
 , , , 
 , , , 
 , , , 
 , , , 
 , , , 
 , , , 
 , , , 
 , , , 
 , , , 
 , , , 
 , , , 
 , , , 
 , , , 
 , , , 
 , , , 
 , , , 
 , , , 
 , , , 
 , , , 
 , , , 
 , , , 
 , , , 
 , , , 
 , , , 
 , , , 
 , , , 
 , , , 
 , , , 
 , , , 
 , , , 
 , , , 
 , , , 
 , , , 
 , , , 
 , , , 
 , , , 
 , , , 
 , , , 
 , , , 
 , , , 
 , , , 
 , , , 
 , , , 
 , , , 
 , , , 
 , , , 
 , , , 
 , , , 
 , , , 
 , , , 
 , , , 
 , , , 
 , , , 
 , , , 
 , , , 
 , , , 
 , , , 
 , , , 
 , , , 
 , , , 
 , , , 
 , , , 
 , , , 
 , , , 
 , , , 
 , , , 
 , , , 
 , , , 
 , , , 
 , , , 
 , , , 
 , , , 
 , , , 
 , , , 
 , , , 
 , , , 
 , , , 
 , , , 
 , , , 
 , , , 
 , , , 
 , , , 
 , , , 
 , , , 
 , , , 
 , , , 
 , , , 
 , , , 
 , , , 
 , , , 
 , , , 
 , , , 
 , , , 
 , , , 
 , , , 
 , , , 
 , , , 
 , , , 
 , , , 
 , , , 
 , , , 
 , , , 
 , , , 
 , , , 
 , , , 
 , , , 
 , , , 
 , , , 
 , , , 
 , , , 
 , , , 
 , , , 
 , , , 
 , , , 
 , , , 
 , , , 
 , , , 
 , , , 
 , , , 
 , , , 
 , , , 
 , , , 
 , , , 
 , , , 
 , , , 
 , , , 
 , , , 
 , , , 
 , , , 
 , , , 
 , , , 
 , , , 
 , , , 
 , , , 
 , , , 
 , , , 
 , , , 
 , , , 
 , , , 
 , , , 
 , , , 
 , , , 
 , , , 
 , , , 
 , , , 
 , , , 
 , , , 
 , , , 
 , , , 
 , , , 
 , , , 
 , , , 
 , , , 
 , , , 
 , , , 
 , , , 
 , , , 
 , , , 
 , , , 
 , , , 
 , , , 
 , , , 
 , , , 
 , , , 
 , , , 
 , , , 
 , , , 
 , , , 
 , , , 
 , , , 
 , , , 
 , , , 
 , , , 
 , , , 
 , , , 
 , , , 
 , , , 
 , , , 
 , , , 
 , , , 
 , , , 
 , , , 
 , , , 
 , , , 
 , , , 
 , , , 
 , , , 
 , , , 
 , , , 
 , , , 
 , , , 
 , , , 
 , , , 
 , , , 
 , , , 
 , , , 
 , , , 
 , , , 
 , , , 
 , , , 
 , , , 
 , , , 
 , , , 
 , , , 
 , , , 
 , , , 
 , , , 
 , , , 
 , , , 
 , , , 
 , , , 
 , , , 
 , , , 
 , , , 
 , , , 
 , , , 
 , , , 
 , , , 
 , , , 
 , , , 
 , , , 
 , , , 
 , , , 
 , , , 
 , , , 
 , , , 
 , , , 
 , , , 
 , , , 
 , , , 
 , , , 
 , , , 
 , , , 
 , , , 
 , , , 
 , , , 
 , , , 
 , , , 
 , , , 
 , , , 
 , , , 
 , , , 
 , , , 
 , , , 
 , , , 
 , , , 
 , , , 
 , , , 
 , , , 
 , , , 
 , , , 
 , , , 
 , , , 
 , , , 
 , , , 
 , , , 
 , , , 
 , , , 
 , , , 
 , , , 
 , , , 
 , , , 
 , , , 
 , , , 
 , , , 
 , , , 
 , , , 
 , , , 
 , , , 
 , , , 
 , , , 
 , , , 
 , , , 
 , , , 
 , , , 
 , , , 
 , , , 
 , , , 
 , , , 
 , , , 
 , , , 
 , , , 
 , , , 
 , , , 
 , , , 
 , , , 
 , , , 
 , , , 
 , , , 
 , , , 
 , , , 
 , , , 
 , , , 
 , , , 
 , , , 
 , , , 
 , , , 
 , , , 
 , , , 
 , , , 
 , , , 
 , , , 
 , , , 
 , , , 
 , , , 
 , , , 
 , , , 
 , , , 
 , , , 
 , , , 
 , , , 
 , , , 
 , , , 
 , , , 
 , , , 
 , , , 
 , , , 
 , , , 
 , , , 
 , , , 
 , , , 
 , , , 
 , , , 
 , , , 
 , , , 
 , , , 
 , , , 
 , , , 
 , , , 
 , , , 
 , , , 
 , , , 
 , , , 
 , , , 
 , , , 
 , , , 
 , , , 
 , , , 
 , , , 
 , , , 
 , , , 
 , , , 
 , , , 
 , , , 
 , , , 
 , , , 
 , , , 
 , , , 
 , , , 
 , , , 
 , , , 
 , , , 
 , , , 
 , , , 
 , , , 
 , , , 
 , , , 
 , , , 
 , , , 
 , , , 
 , , , 
 , , , 
 , , , 
 , , , 
 , , , 
 , , , 
 , , , 
 , , , 
 , , , 
 , , , 
 , , , 
 , , , 
 , , , 
 , , , 
